{"source":"ben_iceri_dustugumden_beri.wav","timestamp":"2021-02-28T14:13:31Z","durationInTicks":146200000,"duration":"PT14.62S","combinedRecognizedPhrases":[{"channel":0,"lexical":"onlar ki toprakta karınca suda balık havada kuş kadar çok turlar korkak cesur cahil hakim ve çocuk turlar ve kahreden yaratan ki onlardır destanı mızda yalnız onların maceraları vardır","itn":"onlar ki toprakta karınca suda balık havada kuş kadar çok turlar korkak cesur cahil hakim ve çocuk turlar ve kahreden yaratan ki onlardır destanı mızda yalnız onların maceraları vardır","maskedITN":"onlar ki toprakta karınca suda balık havada kuş kadar çok turlar korkak cesur cahil hakim ve çocuk turlar ve kahreden yaratan ki onlardır destanı mızda yalnız onların maceraları vardır","display":"Onlar ki toprakta karınca suda balık havada kuş kadar çok turlar. Korkak, cesur, cahil hakim ve çocuk turlar ve kahreden yaratan ki onlardır. Destanı mızda yalnız onların maceraları vardır."}],"recognizedPhrases":[{"recognitionStatus":"Success","channel":0,"offset":"PT0.02S","duration":"PT14.6S","offsetInTicks":200000,"durationInTicks":146000000,"nBest":[{"confidence":0.92673963,"lexical":"onlar ki toprakta karınca suda balık havada kuş kadar çok turlar korkak cesur cahil hakim ve çocuk turlar ve kahreden yaratan ki onlardır destanı mızda yalnız onların maceraları vardır","itn":"onlar ki toprakta karınca suda balık havada kuş kadar çok turlar korkak cesur cahil hakim ve çocuk turlar ve kahreden yaratan ki onlardır destanı mızda yalnız onların maceraları vardır","maskedITN":"onlar ki toprakta karınca suda balık havada kuş kadar çok turlar korkak cesur cahil hakim ve çocuk turlar ve kahreden yaratan ki onlardır destanı mızda yalnız onların maceraları vardır","display":"Onlar ki toprakta karınca suda balık havada kuş kadar çok turlar. Korkak, cesur, cahil hakim ve çocuk turlar ve kahreden yaratan ki onlardır. Destanı mızda yalnız onların maceraları vardır.","words":[{"word":"onlar","offset":"PT0.04S","duration":"PT0.44S","offsetInTicks":400000,"durationInTicks":4400000,"confidence":0.927076},{"word":"ki","offset":"PT0.48S","duration":"PT0.19S","offsetInTicks":4800000,"durationInTicks":1900000,"confidence":0.882562},{"word":"toprakta","offset":"PT0.67S","duration":"PT0.65S","offsetInTicks":6700000,"durationInTicks":6500000,"confidence":0.971743},{"word":"karınca","offset":"PT1.32S","duration":"PT0.58S","offsetInTicks":13200000,"durationInTicks":5800000,"confidence":0.977317},{"word":"suda","offset":"PT1.9S","duration":"PT0.36S","offsetInTicks":19000000,"durationInTicks":3600000,"confidence":0.988926},{"word":"balık","offset":"PT2.26S","duration":"PT0.32S","offsetInTicks":22600000,"durationInTicks":3200000,"confidence":0.971904},{"word":"havada","offset":"PT2.58S","duration":"PT0.52S","offsetInTicks":25800000,"durationInTicks":5200000,"confidence":0.989308},{"word":"kuş","offset":"PT3.1S","duration":"PT0.3S","offsetInTicks":31000000,"durationInTicks":3000000,"confidence":0.983785},{"word":"kadar","offset":"PT3.4S","duration":"PT0.38S","offsetInTicks":34000000,"durationInTicks":3800000,"confidence":0.978673},{"word":"çok","offset":"PT3.78S","duration":"PT0.26S","offsetInTicks":37800000,"durationInTicks":2600000,"confidence":0.95695},{"word":"turlar","offset":"PT4.04S","duration":"PT0.38S","offsetInTicks":40400000,"durationInTicks":3800000,"confidence":0.771149},{"word":"korkak","offset":"PT4.42S","duration":"PT0.66S","offsetInTicks":44200000,"durationInTicks":6600000,"confidence":0.960732},{"word":"cesur","offset":"PT5.1S","duration":"PT0.67S","offsetInTicks":51000000,"durationInTicks":6700000,"confidence":0.980408},{"word":"cahil","offset":"PT5.79S","duration":"PT0.79S","offsetInTicks":57900000,"durationInTicks":7900000,"confidence":0.989708},{"word":"hakim","offset":"PT6.6S","duration":"PT0.74S","offsetInTicks":66000000,"durationInTicks":7400000,"confidence":0.984561},{"word":"ve","offset":"PT7.34S","duration":"PT0.26S","offsetInTicks":73400000,"durationInTicks":2600000,"confidence":0.954108},{"word":"çocuk","offset":"PT7.6S","duration":"PT0.42S","offsetInTicks":76000000,"durationInTicks":4200000,"confidence":0.960412},{"word":"turlar","offset":"PT8.02S","duration":"PT0.46S","offsetInTicks":80200000,"durationInTicks":4600000,"confidence":0.889695},{"word":"ve","offset":"PT8.48S","duration":"PT0.27S","offsetInTicks":84800000,"durationInTicks":2700000,"confidence":0.938857},{"word":"kahreden","offset":"PT8.75S","duration":"PT0.65S","offsetInTicks":87500000,"durationInTicks":6500000,"confidence":0.888694},{"word":"yaratan","offset":"PT9.4S","duration":"PT0.52S","offsetInTicks":94000000,"durationInTicks":5200000,"confidence":0.965478},{"word":"ki","offset":"PT9.92S","duration":"PT0.22S","offsetInTicks":99200000,"durationInTicks":2200000,"confidence":0.991439},{"word":"onlardır","offset":"PT10.14S","duration":"PT0.68S","offsetInTicks":101400000,"durationInTicks":6800000,"confidence":0.973532},{"word":"destanı","offset":"PT10.82S","duration":"PT0.58S","offsetInTicks":108200000,"durationInTicks":5800000,"confidence":0.866904},{"word":"mızda","offset":"PT11.4S","duration":"PT0.45S","offsetInTicks":114000000,"durationInTicks":4500000,"confidence":0.870275},{"word":"yalnız","offset":"PT11.87S","duration":"PT0.53S","offsetInTicks":118700000,"durationInTicks":5300000,"confidence":0.930305},{"word":"onların","offset":"PT12.4S","duration":"PT0.54S","offsetInTicks":124000000,"durationInTicks":5400000,"confidence":0.954794},{"word":"maceraları","offset":"PT12.94S","duration":"PT0.76S","offsetInTicks":129400000,"durationInTicks":7600000,"confidence":0.975698},{"word":"vardır","offset":"PT13.7S","duration":"PT0.63S","offsetInTicks":137000000,"durationInTicks":6300000,"confidence":0.990793}]}]}]}